email,password,IACJurisdiction,IACCaseType,idamId
ia.legalrep.b.ccd@gmail.com,AldgateT0wer,IA,Asylum,3fd2243e-a8d9-4499-9c0f-1e05c403225c
ia.legalrep.b.ccd001@gmail.com,Password12,IA,Asylum,fc526412-15a7-454e-a5bc-2eb4b8683f8c
ia.legalrep.b.ccd002@gmail.com,Password12,IA,Asylum,76e7dfdf-bc5b-4f3b-966d-f9898236be71
ia.legalrep.b.ccd003@gmail.com,Password12,IA,Asylum,7739cf11-f062-4e27-9571-430164d93e64
ia.legalrep.b.ccd004@gmail.com,Password12,IA,Asylum,27bc0f30-0029-45d3-9379-3cad305e6cc9
ia.legalrep.b.ccd005@gmail.com,Password12,IA,Asylum,16f052e1-70e5-4adf-a69c-7674654e816a
ia.legalrep.b.ccd006@gmail.com,Password12,IA,Asylum,359a700d-5ff4-45f0-9247-3a1478eeac25
ia.legalrep.b.ccd007@gmail.com,Password12,IA,Asylum,da3a7c02-1de5-440c-b388-b48d953dc9cc
ia.legalrep.b.ccd008@gmail.com,Password12,IA,Asylum,6d63e4b7-a324-4382-acf3-915aa524fb10
ia.legalrep.b.ccd009@gmail.com,Password12,IA,Asylum,d67474ee-8028-41a3-aa6f-c4785604f2c1
ia.legalrep.b.ccd010@gmail.com,Password12,IA,Asylum,d966c5ac-70d9-4b3d-a667-76c824b07d0f
ia.legalrep.b.ccd011@gmail.com,Password12,IA,Asylum,bbd25f5f-755d-42ee-ae7e-92dca2001870
ia.legalrep.b.ccd012@gmail.com,Password12,IA,Asylum,487b0ca2-99dd-4997-a1d6-8393cbc2bcc9
ia.legalrep.b.ccd013@gmail.com,Password12,IA,Asylum,455e3dda-383e-47ed-97de-b6c6af7e36fd
ia.legalrep.b.ccd014@gmail.com,Password12,IA,Asylum,76382b03-1284-4806-a358-92a0f581fd04
ia.legalrep.b.ccd015@gmail.com,Password12,IA,Asylum,d73d9925-5b3f-4e93-8ce5-d202c032e7b6
ia.legalrep.b.ccd016@gmail.com,Password12,IA,Asylum,369a60f2-ee19-4322-929f-ec92655f78bf
ia.legalrep.b.ccd017@gmail.com,Password12,IA,Asylum,8a283344-5fc2-4b1d-901e-337d931ec53f
ia.legalrep.b.ccd018@gmail.com,Password12,IA,Asylum,09a10cf5-017b-47d1-9236-7fdb2e306e48
ia.legalrep.b.ccd019@gmail.com,Password12,IA,Asylum,6a3237fc-5136-4435-985f-19776ac4972a
ia.legalrep.b.ccd020@gmail.com,Password12,IA,Asylum,a618329f-6bf4-4940-90d7-22fea2fe5c5f
ia.legalrep.b.ccd021@gmail.com,Password12,IA,Asylum,6e1ea255-d35a-4921-8e3e-2790bd6a430f
ia.legalrep.b.ccd022@gmail.com,Password12,IA,Asylum,2e1a19cc-a458-4b88-b19d-3ec5bd1585fa
ia.legalrep.b.ccd023@gmail.com,Password12,IA,Asylum,eb63feda-0a04-402c-8ee8-81af1edc932d
ia.legalrep.b.ccd024@gmail.com,Password12,IA,Asylum,74f69e58-8cac-47eb-adca-5e2a9891924c
ia.legalrep.b.ccd025@gmail.com,Password12,IA,Asylum,6e4d52e4-16f7-40e5-9c0a-4ae68c4e0a95
ia.legalrep.b.ccd026@gmail.com,Password12,IA,Asylum,141357a5-f8f0-4934-bbd3-9874e08cbd33
ia.legalrep.b.ccd027@gmail.com,Password12,IA,Asylum,5dffdda2-0ce3-4d3e-b262-749341c9e2b8
ia.legalrep.b.ccd028@gmail.com,Password12,IA,Asylum,8a49dec8-e595-4809-b359-3b32194b81ad
ia.legalrep.b.ccd029@gmail.com,Password12,IA,Asylum,9c3442d5-6d07-493b-b268-ede0f9d67617
ia.legalrep.b.ccd030@gmail.com,Password12,IA,Asylum,4597a337-be51-4b48-a90b-d754db3566cb
ia.legalrep.b.ccd031@gmail.com,Password12,IA,Asylum,c5c98d0a-2075-4ec5-8e19-316cd39c3249
ia.legalrep.b.ccd032@gmail.com,Password12,IA,Asylum,122929dd-5746-405e-9c69-5b42036f2f9c
ia.legalrep.b.ccd033@gmail.com,Password12,IA,Asylum,adb1b1fb-f874-4e71-9a3f-c702589e2832
ia.legalrep.b.ccd034@gmail.com,Password12,IA,Asylum,59fcb5ad-84c5-486f-b2cf-4d0813329088
ia.legalrep.b.ccd035@gmail.com,Password12,IA,Asylum,77ac14b8-0bd6-407b-b4e7-dbd4dafd3afc
ia.legalrep.b.ccd036@gmail.com,Password12,IA,Asylum,7a6a0c46-31b4-439d-a3f9-e4d0b2352b89
ia.legalrep.b.ccd037@gmail.com,Password12,IA,Asylum,4603199c-210c-4daf-b5b0-dc73ffc3b4cd
ia.legalrep.b.ccd038@gmail.com,Password12,IA,Asylum,096b404c-3ec1-4cba-abf9-036c5f5e5ae4
ia.legalrep.b.ccd039@gmail.com,Password12,IA,Asylum,c9ac0c9e-07a9-4caa-b719-eee86778faaf
ia.legalrep.b.ccd040@gmail.com,Password12,IA,Asylum,2bae82e7-6dc9-454b-ae93-8bfc0d65c9f5
ia.legalrep.b.ccd041@gmail.com,Password12,IA,Asylum,cab5c57d-7f17-4dd0-9f6c-76c5c2010f35
ia.legalrep.b.ccd042@gmail.com,Password12,IA,Asylum,3d9c1b50-dc43-45c0-a1ae-aa13f2dd43b6
ia.legalrep.b.ccd043@gmail.com,Password12,IA,Asylum,eff3d942-5206-4dc9-b791-446e1458b3bb
ia.legalrep.b.ccd044@gmail.com,Password12,IA,Asylum,48d3268d-8187-45c3-8d13-92a15ff6a02c
ia.legalrep.b.ccd045@gmail.com,Password12,IA,Asylum,671ca7d8-60e9-4544-bf2a-6506f520907d
ia.legalrep.b.ccd046@gmail.com,Password12,IA,Asylum,41e6b1d1-4d06-4895-b2a4-3d10cd569601
ia.legalrep.b.ccd047@gmail.com,Password12,IA,Asylum,da55aea1-3323-48a2-9d14-08ddfeda7053
ia.legalrep.b.ccd048@gmail.com,Password12,IA,Asylum,7ea49c1f-67d3-4bc5-b831-bd7aece364b6
ia.legalrep.b.ccd049@gmail.com,Password12,IA,Asylum,b7c6ab65-678d-44d9-9a76-279fe531a010
ia.legalrep.b.ccd050@gmail.com,Password12,IA,Asylum,c6c648be-3e0a-4dd5-82f2-74b61c9bc1d1