email,password,idamId
4919891EMP-@ejudiciary.net,Password12,00e7413d-4c0b-45ba-b902-50e9b5618af8
4920145EMP-@ejudiciary.net,Password12,0bb070c6-ad9d-4a74-9411-4fa8776e513f
4925169EMP-@ejudiciary.net,Password12,108358b4-525a-45de-abe2-0e7e6effec1b
4926038EMP-@ejudiciary.net,Password12,1f7a4ad2-69ac-4b90-b9c5-01c78bec6453
4925157EMP-@ejudiciary.net,Password12,20c92c62-5209-428b-bd6b-0d32caeb9a1b
330146EMP-@ejudiciary.net,Password12,3108410f-89a4-48cf-8bb9-8326a2ee56ef
8800606EMP-@ejudiciary.net,Password12,3b4b67cb-93ff-4168-b3e5-33221ffd78e3
4923344EMP-@ejudiciary.net,Password12,4fd9559a-b480-42b0-90e5-262dca7a7037
4917581EMP-@ejudiciary.net,Password12,5831cd4b-d43b-48e4-aef9-da78a9a6d0aa
4926050EMP-@ejudiciary.net,Password12,5ab00978-76ce-47e0-9930-1825511789bf
4917003EMP-@ejudiciary.net,Password12,5b2db847-4f90-4e89-a5c7-f1bd4048dd71
4919854EMP-@ejudiciary.net,Password12,5b7e2eb3-0ffc-4ba0-bd82-8c72cffc6f15
330085EMP-@ejudiciary.net,Password12,617841ee-787c-45ac-b0bb-670fc73a4f8f
4927964EMP-@ejudiciary.net,Password12,6721ad41-e1f6-4cd9-8563-0b778d145cc2
4918079EMP-@ejudiciary.net,Password12,6ab77163-bda9-43db-ad30-a6a938994d97
4925457EMP-@ejudiciary.net,Password12,6be55ba2-9060-4a5a-91e6-db4bc68051f6
4927202EMP-@ejudiciary.net,Password12,7ad0b20f-664d-4250-bed2-dca47cf62d5d
4923398EMP-@ejudiciary.net,Password12,7dd43880-5fd8-4695-9ed7-22cacdc787dd
4925203EMP-@ejudiciary.net,Password12,86ac95ec-025c-4fd7-9b3e-d363506b4f5e
7003026EMP-@ejudiciary.net,Password12,8b4274f8-cd77-49c2-a924-e717e501b337
330169EMP-@ejudiciary.net,Password12,927f85da-4cdd-4169-a777-46cc5078626f
4925541EMP-@ejudiciary.net,Password12,994c62dc-700a-46a2-b1d0-04d06eb04246
4925193EMP-@ejudiciary.net,Password12,9d70c765-924a-445f-99c1-fc5fe9c18a0c
4924030EMP-@ejudiciary.net,Password12,a44e477b-c66c-4350-890b-0357128020d6
4925588EMP-@ejudiciary.net,Password12,b01f95a8-a25c-456a-afb7-b3c4de902a60
4913175EMP-@ejudiciary.net,Password12,b5c79756-4c38-4004-9200-dddaabefaa63
4925445EMP-@ejudiciary.net,Password12,bcb0cfa9-deba-4358-a5d2-82edff33b690
4927261EMP-@ejudiciary.net,Password12,be953122-ca4e-49ba-a5a9-9ba104a1e1ef
4925523EMP-@ejudiciary.net,Password12,c90f1757-0f26-4e6f-b777-460ad21003e8
4925657EMP-@ejudiciary.net,Password12,cf448513-5033-4809-a31b-8260ab0e77c0
4921679EMP-@ejudiciary.net,Password12,da011944-8414-47b5-87b0-f49451850cce
4925227EMP-@ejudiciary.net,Password12,e4bb8c48-8388-4e60-8f52-b6f44c110acd
4920113EMP-@ejudiciary.net,Password12,e591b205-30d8-44ac-a5a3-dd6dbeb1c6ed
7005139EMP-@ejudiciary.net,Password12,e6c74553-c608-472c-9168-d2450d181d34
4927325EMP-@ejudiciary.net,Password12,e7be6468-db9c-4841-8714-f09caad1efa7
4922207EMP-@ejudiciary.net,Password12,f3e718c8-1174-4588-b865-6139066bb7cb