email,password
perf_wa_reporting_001@gmail.com,Password12
perf_wa_reporting_002@gmail.com,Password12
perf_wa_reporting_003@gmail.com,Password12
perf_wa_reporting_004@gmail.com,Password12
perf_wa_reporting_005@gmail.com,Password12
perf_wa_reporting_006@gmail.com,Password12
perf_wa_reporting_007@gmail.com,Password12
perf_wa_reporting_008@gmail.com,Password12
perf_wa_reporting_009@gmail.com,Password12
perf_wa_reporting_010@gmail.com,Password12
perf_wa_reporting_011@gmail.com,Password12
perf_wa_reporting_012@gmail.com,Password12
perf_wa_reporting_013@gmail.com,Password12
perf_wa_reporting_014@gmail.com,Password12
perf_wa_reporting_015@gmail.com,Password12
perf_wa_reporting_016@gmail.com,Password12
perf_wa_reporting_017@gmail.com,Password12
perf_wa_reporting_018@gmail.com,Password12
perf_wa_reporting_019@gmail.com,Password12
perf_wa_reporting_020@gmail.com,Password12
perf_wa_reporting_021@gmail.com,Password12
perf_wa_reporting_022@gmail.com,Password12
perf_wa_reporting_023@gmail.com,Password12
perf_wa_reporting_024@gmail.com,Password12
perf_wa_reporting_025@gmail.com,Password12
perf_wa_reporting_026@gmail.com,Password12
perf_wa_reporting_027@gmail.com,Password12
perf_wa_reporting_028@gmail.com,Password12
perf_wa_reporting_029@gmail.com,Password12
perf_wa_reporting_030@gmail.com,Password12
perf_wa_reporting_031@gmail.com,Password12
perf_wa_reporting_032@gmail.com,Password12
perf_wa_reporting_033@gmail.com,Password12
perf_wa_reporting_034@gmail.com,Password12
perf_wa_reporting_035@gmail.com,Password12
perf_wa_reporting_036@gmail.com,Password12
perf_wa_reporting_037@gmail.com,Password12
perf_wa_reporting_038@gmail.com,Password12
perf_wa_reporting_039@gmail.com,Password12
perf_wa_reporting_040@gmail.com,Password12
perf_wa_reporting_041@gmail.com,Password12
perf_wa_reporting_042@gmail.com,Password12
perf_wa_reporting_043@gmail.com,Password12
perf_wa_reporting_044@gmail.com,Password12
perf_wa_reporting_045@gmail.com,Password12
perf_wa_reporting_046@gmail.com,Password12
perf_wa_reporting_047@gmail.com,Password12
perf_wa_reporting_048@gmail.com,Password12
perf_wa_reporting_049@gmail.com,Password12
perf_wa_reporting_050@gmail.com,Password12
perf_wa_reporting_051@gmail.com,Password12
perf_wa_reporting_052@gmail.com,Password12
perf_wa_reporting_053@gmail.com,Password12
perf_wa_reporting_054@gmail.com,Password12
perf_wa_reporting_055@gmail.com,Password12
perf_wa_reporting_056@gmail.com,Password12
perf_wa_reporting_057@gmail.com,Password12
perf_wa_reporting_058@gmail.com,Password12
perf_wa_reporting_059@gmail.com,Password12
perf_wa_reporting_060@gmail.com,Password12
perf_wa_reporting_061@gmail.com,Password12
perf_wa_reporting_062@gmail.com,Password12
perf_wa_reporting_063@gmail.com,Password12
perf_wa_reporting_064@gmail.com,Password12
perf_wa_reporting_065@gmail.com,Password12
perf_wa_reporting_066@gmail.com,Password12
perf_wa_reporting_067@gmail.com,Password12
perf_wa_reporting_068@gmail.com,Password12
perf_wa_reporting_069@gmail.com,Password12
perf_wa_reporting_070@gmail.com,Password12
perf_wa_reporting_071@gmail.com,Password12
perf_wa_reporting_072@gmail.com,Password12
perf_wa_reporting_073@gmail.com,Password12
perf_wa_reporting_074@gmail.com,Password12
perf_wa_reporting_075@gmail.com,Password12
perf_wa_reporting_076@gmail.com,Password12
perf_wa_reporting_077@gmail.com,Password12
perf_wa_reporting_078@gmail.com,Password12
perf_wa_reporting_079@gmail.com,Password12
perf_wa_reporting_080@gmail.com,Password12
perf_wa_reporting_081@gmail.com,Password12
perf_wa_reporting_082@gmail.com,Password12
perf_wa_reporting_083@gmail.com,Password12
perf_wa_reporting_084@gmail.com,Password12
perf_wa_reporting_085@gmail.com,Password12
perf_wa_reporting_086@gmail.com,Password12
perf_wa_reporting_087@gmail.com,Password12
perf_wa_reporting_088@gmail.com,Password12
perf_wa_reporting_089@gmail.com,Password12
perf_wa_reporting_090@gmail.com,Password12
perf_wa_reporting_091@gmail.com,Password12
perf_wa_reporting_092@gmail.com,Password12
perf_wa_reporting_093@gmail.com,Password12
perf_wa_reporting_094@gmail.com,Password12
perf_wa_reporting_095@gmail.com,Password12
perf_wa_reporting_096@gmail.com,Password12
perf_wa_reporting_097@gmail.com,Password12
perf_wa_reporting_098@gmail.com,Password12
perf_wa_reporting_099@gmail.com,Password12
perf_wa_reporting_0100@gmail.com,Password12