email,password,IACJurisdiction,IACCaseType,idamId,assigneeUser
CRD_func_test_demo_adm11@justice.gov.uk,AldgateT0wer,IA,Asylum,e7b3bbfb-deb7-4fcb-ae00-1abf5b9d5854,
CRD_func_test_demo_adm22@justice.gov.uk,AldgateT0wer,IA,Asylum,30908502-e9e4-4977-ab94-a7d8fb08dacf,
PerfTest_SeniorTribunal_001@justice.gov.uk,Password12,IA,Asylum,77d74217-edc8-437e-beae-38fa617d91ec,9ea9f5ae-1935-4fd5-9be3-e8fe445185db
PerfTest_SeniorTribunal_002@justice.gov.uk,Password12,IA,Asylum,173abdcc-6c35-4e5c-b3cb-b48eeb9be334,b432c441-0a01-460f-add2-46a715745e18
PerfTest_SeniorTribunal_003@justice.gov.uk,Password12,IA,Asylum,c18054e7-92bc-413e-9a88-282a7abd1b31,e57615c9-3e61-451e-9fc1-9b55bc2b4346
PerfTest_SeniorTribunal_004@justice.gov.uk,Password12,IA,Asylum,2884c35b-5ab0-4cac-b52b-7005e4af6f81,b12c8c37-cee2-4201-bc99-a192d55f4046
PerfTest_SeniorTribunal_005@justice.gov.uk,Password12,IA,Asylum,aad5dc35-0a48-46b8-bfa9-5928e06acb01,60947045-7a69-4731-b059-1f1677d739e3
PerfTest_SeniorTribunal_006@justice.gov.uk,Password12,IA,Asylum,ee216c7d-7cdd-49c9-8098-2ff3bd3cc876,83ee2b8c-a771-4cde-87f7-06962c0572f7
PerfTest_SeniorTribunal_007@justice.gov.uk,Password12,IA,Asylum,641b8fe8-32de-446f-8437-eda389c26597,d82d6aa1-6f03-48f2-b6c9-4a73455e3c62
PerfTest_SeniorTribunal_008@justice.gov.uk,Password12,IA,Asylum,043b17a1-c5aa-4d75-b169-fa7af53fcaa6,b6553d24-bd44-4505-b693-7572e08a4556
PerfTest_SeniorTribunal_009@justice.gov.uk,Password12,IA,Asylum,918ad899-b49b-4bc6-a385-995a08a43f51,dc7b6a28-ebe0-45e0-b9f2-9f2c2984982e
PerfTest_SeniorTribunal_010@justice.gov.uk,Password12,IA,Asylum,26216390-5e51-4c32-9605-38b26d431072,96fd4d4b-9b7c-4e58-a7b0-f3ce19195dbe
PerfTest_SeniorTribunal_011@justice.gov.uk,Password12,IA,Asylum,9bdb2110-6675-489c-bb97-da3caaa6ad49,35a4627c-54e2-41fd-a9b1-01a776fd6e86
PerfTest_SeniorTribunal_012@justice.gov.uk,Password12,IA,Asylum,8bec9d20-cdee-4351-b56a-f82fc926da29,847e45c7-1b5d-4abc-a2fe-f35a2156acde
PerfTest_SeniorTribunal_013@justice.gov.uk,Password12,IA,Asylum,a3e15fac-e5f8-4c86-9e57-ea176d5fbe74,e418740f-63bc-4972-a554-911a51cac383
PerfTest_SeniorTribunal_014@justice.gov.uk,Password12,IA,Asylum,a961f2c9-caf3-49f8-9bca-06ed36c3f0e3,c6de0f51-462a-4b51-8c3b-6faf6a097187
PerfTest_SeniorTribunal_015@justice.gov.uk,Password12,IA,Asylum,c9b02662-b188-4790-b307-0733c2a501a8,08a2fe2d-b5a2-469b-87ef-8b2280cce9e1
PerfTest_SeniorTribunal_016@justice.gov.uk,Password12,IA,Asylum,1d2af843-1c91-4f96-b1fa-3c4c58696914,14c64d17-443d-44c6-b439-a5731f06880d
PerfTest_SeniorTribunal_017@justice.gov.uk,Password12,IA,Asylum,d6ab9630-bcb7-46a9-bccb-788363680df7,1e754790-67db-4c03-b1f9-9b0fa00d920d
PerfTest_SeniorTribunal_018@justice.gov.uk,Password12,IA,Asylum,3e36b80c-efa9-4ae5-b763-089946bd2d2c,f17592bd-fa32-4783-af63-ee88a5797835
PerfTest_SeniorTribunal_019@justice.gov.uk,Password12,IA,Asylum,34603f93-4786-457d-967d-eb7d18820ede,082654c0-f651-4cd1-9129-d8dd02de50ed
PerfTest_SeniorTribunal_020@justice.gov.uk,Password12,IA,Asylum,65fe3ae1-d844-47d6-9454-c3b933590732,c316ef00-c51a-4a5e-b7c9-448b7b5b7810
PerfTest_SeniorTribunal_021@justice.gov.uk,Password12,IA,Asylum,636d200d-ee5f-4ef5-8db9-edd0d3644746,a8cd5487-f3c4-4d9a-8be9-f061aeb95327
PerfTest_SeniorTribunal_022@justice.gov.uk,Password12,IA,Asylum,b1f5d395-ab3e-4e92-9d42-96950b6d4c01,a42def1e-ea82-4ec6-ab5a-26522d00016b
PerfTest_SeniorTribunal_023@justice.gov.uk,Password12,IA,Asylum,89ad352a-7ed9-47eb-8671-6a58dc87090d,6f1255e2-73a7-4dad-b146-6b4dfac024c5
PerfTest_SeniorTribunal_024@justice.gov.uk,Password12,IA,Asylum,cc8cb37e-57d7-42e0-be22-2859bf447ffe,3ceb583f-ccac-4746-896f-0efb0b4cfd3f
PerfTest_SeniorTribunal_025@justice.gov.uk,Password12,IA,Asylum,290dbcad-d9c9-402e-ad75-67822ab4d395,29a247c6-f984-4d0d-96b0-6159a21df748
PerfTest_SeniorTribunal_026@justice.gov.uk,Password12,IA,Asylum,60fec504-cc1f-4838-b8a8-547c1a231363,562ae93e-faf4-4702-9afe-377a8bea362a
PerfTest_SeniorTribunal_027@justice.gov.uk,Password12,IA,Asylum,3c3814f6-2fe2-4c60-af1c-1361b6bad676,a57bd37a-183a-43f1-b750-3b4f8930ac30
PerfTest_SeniorTribunal_028@justice.gov.uk,Password12,IA,Asylum,467289ea-13e7-44de-9d26-0556bbbc5161,3e57df2e-be28-488e-96d7-edc7be001c8a
PerfTest_SeniorTribunal_029@justice.gov.uk,Password12,IA,Asylum,533a90f4-5b7e-4fe6-9d82-3ff9c032819f,f4a4fed9-366c-401b-9dd6-3ef433a29b7d
PerfTest_SeniorTribunal_030@justice.gov.uk,Password12,IA,Asylum,9eea7150-c079-478c-ac10-1bfd3a6a4f62,f66cfdc8-0a1d-41fd-942f-2fa0348f8961
PerfTest_SeniorTribunal_031@justice.gov.uk,Password12,IA,Asylum,f4a06e27-a03f-4ed3-bb25-b4dcc55ea18b,18bad5f9-ef88-414e-8958-5cff2121452c
PerfTest_SeniorTribunal_032@justice.gov.uk,Password12,IA,Asylum,8ffe9603-69f0-4d23-8de5-69f79dcfd96d,ca3458d8-1844-4a47-a81c-9f7d35865bb7
PerfTest_SeniorTribunal_033@justice.gov.uk,Password12,IA,Asylum,3b13afc4-3c5f-4e06-90dd-8c91b05d59b3,24ffb268-70d1-40aa-a934-760bea88b3d0
PerfTest_SeniorTribunal_034@justice.gov.uk,Password12,IA,Asylum,4e28abe4-4a2a-46b3-b89b-13bb693ab4a5,e431fef8-390d-485d-8442-5672317a58fd
PerfTest_SeniorTribunal_035@justice.gov.uk,Password12,IA,Asylum,d5818171-d199-4c6b-a032-201b1a39ff8e,66fef05e-5f03-460e-b9d6-045612669151
PerfTest_SeniorTribunal_036@justice.gov.uk,Password12,IA,Asylum,9688e27e-354f-4f93-9f05-52ae6e6e6d46,b20ee265-20b2-4bf0-92b1-4a7b3bbaa031
PerfTest_SeniorTribunal_037@justice.gov.uk,Password12,IA,Asylum,c4eec810-3fd1-45e7-8392-caaa8e4d92e8,78cd7011-ed07-4387-a9cc-09ef44c470eb
PerfTest_SeniorTribunal_038@justice.gov.uk,Password12,IA,Asylum,7335193d-e7b8-4589-a986-930aad6ec6f3,2ef913c7-6e21-4a75-99a5-b255312bc681
PerfTest_SeniorTribunal_039@justice.gov.uk,Password12,IA,Asylum,8300b1b4-1583-477b-87bb-f3beab821875,18a3d500-8530-49ca-bf39-90e56de24c0a
PerfTest_SeniorTribunal_040@justice.gov.uk,Password12,IA,Asylum,9ec2953f-94b2-4d23-a964-94a427dd3c48,6af24ac4-9c6b-44c8-9d8f-241721bcd350
PerfTest_SeniorTribunal_041@justice.gov.uk,Password12,IA,Asylum,6f591b87-a072-499d-8aaf-6e3c21180849,773d9cd3-ed89-446d-91e6-3b430da37393
PerfTest_SeniorTribunal_042@justice.gov.uk,Password12,IA,Asylum,b831dfc6-37cc-4c11-917d-22c0c6e6a9a8,f2b4ff1b-7ce8-4589-af81-e29c78af74f8
PerfTest_SeniorTribunal_043@justice.gov.uk,Password12,IA,Asylum,8eb20fa2-b538-4c85-ab89-89b6995e19d6,285802af-4312-4cc8-964d-0bacfa13e888
PerfTest_SeniorTribunal_044@justice.gov.uk,Password12,IA,Asylum,fef8deb1-af64-4f4b-9c35-9a6a15727364,2c1f6573-672b-43cc-9feb-ae6747fb0b0c
PerfTest_SeniorTribunal_045@justice.gov.uk,Password12,IA,Asylum,b95aa574-3897-4cd4-9ab3-fb5ead7a9ccf,b494dc2a-46af-44de-b9a4-f1aa1158b18d
PerfTest_SeniorTribunal_046@justice.gov.uk,Password12,IA,Asylum,292188c4-bfe3-42d8-8b36-9334a4fd80f9,b3eabb57-84b2-487c-a454-80b160348816
PerfTest_SeniorTribunal_047@justice.gov.uk,Password12,IA,Asylum,28fd5114-9419-43e0-b844-6f1828f409ef,4d9ca133-be10-4207-895d-9595bf730e58
PerfTest_SeniorTribunal_048@justice.gov.uk,Password12,IA,Asylum,1f98524e-4521-4d5c-9371-ba709c4d1c7d,481ad259-fe3d-4e35-8f0e-3b016c8fcfa4
PerfTest_SeniorTribunal_049@justice.gov.uk,Password12,IA,Asylum,8f429bce-bc47-4f5f-974b-b5f047935265,0b5e6b06-dc3c-4ecf-875a-cf5032ac9cc3
PerfTest_SeniorTribunal_050@justice.gov.uk,Password12,IA,Asylum,96ba2831-8be1-4a3f-99ec-54dfa05f2369,edbf2f92-0932-4d9b-a1fc-26f5eb050ec4